{"successcounter":0,"secondsbeforefirstipcheck":5,"failedcounter":1,"ipcheckallowlocalupnpipcheckenabled":false,"ipcheckreadtimeout":10000,"downloadcontrollerprefersreconnectenabled":true,"reconnectbrowserconnecttimeout":30000,"maxreconnectretrynum":5,"reconnectallowedtointerruptresumabledownloads":true,"reconnectbrowserreadtimeout":30000,"ipcheckusesproxyenabled":false,"ipcheckconnecttimeout":2000,"customipcheckenabled":false,"secondstowaitforoffline":60,"autoreconnectenabled":true,"ipcheckgloballydisabled":false,"activepluginid":"DummyRouterPlugin","optimizationrounds":5,"globalfailedcounter":1,"secondstowaitforipchange":300,"globalipcheckpattern":"\\b(?:(?:25[0-5]|2[0-4][0-9]|[01]?[0-9][0-9]?)\\.){3}(?:25[0-5]|2[0-4][0-9]|[01]?[0-9][0-9]?)\\b","globalipcheckurl":null}