[{"chunks":0,"comment":null,"downloadDestination":null,"filename":null,"linkEnabled":false,"moveto":null,"order":0,"packageKey":null,"packageName":null,"priority":null,"rename":null,"autoAddEnabled":null,"autoExtractionEnabled":null,"autoForcedStartEnabled":null,"autoStartEnabled":null,"conditionFilter":{"conditions":null,"matchType":"IS_TRUE","enabled":false},"created":1701105889006,"filenameFilter":{"matchType":"CONTAINS","regex":null,"useRegex":false,"enabled":false},"filesizeFilter":{"from":0,"matchType":"BETWEEN","to":0,"enabled":false},"filetypeFilter":{"customs":"rev","matchType":"IS","archivesEnabled":false,"audioFilesEnabled":false,"docFilesEnabled":false,"exeFilesEnabled":false,"hashEnabled":false,"imagesEnabled":false,"subFilesEnabled":false,"useRegex":false,"videoFilesEnabled":false,"enabled":true},"hosterURLFilter":{"matchType":"CONTAINS","regex":null,"useRegex":false,"enabled":false},"iconKey":"extract","id":"DisableRevFilesPackageRule","matchAlwaysFilter":{"enabled":false},"name":"Disable Archive *.rev Files","onlineStatusFilter":{"matchType":"IS","onlineStatus":"OFFLINE","enabled":false},"originFilter":{"matchType":"IS","origins":null,"enabled":false},"packagenameFilter":{"matchType":"CONTAINS","regex":null,"useRegex":false,"enabled":false},"pluginStatusFilter":{"matchType":"IS","pluginStatus":"PREMIUM","enabled":false},"sourceURLFilter":{"matchType":"CONTAINS","regex":null,"useRegex":false,"enabled":false},"testUrl":null,"enabled":true,"staticRule":true},{"chunks":0,"comment":null,"downloadDestination":null,"filename":null,"linkEnabled":false,"moveto":null,"order":0,"packageKey":null,"packageName":null,"priority":null,"rename":null,"autoAddEnabled":null,"autoExtractionEnabled":null,"autoForcedStartEnabled":null,"autoStartEnabled":null,"conditionFilter":{"conditions":null,"matchType":"IS_TRUE","enabled":false},"created":1701105889010,"filenameFilter":{"matchType":"CONTAINS","regex":null,"useRegex":false,"enabled":false},"filesizeFilter":{"from":0,"matchType":"BETWEEN","to":0,"enabled":false},"filetypeFilter":{"customs":"par,par2","matchType":"IS","archivesEnabled":false,"audioFilesEnabled":false,"docFilesEnabled":false,"exeFilesEnabled":false,"hashEnabled":false,"imagesEnabled":false,"subFilesEnabled":false,"useRegex":false,"videoFilesEnabled":false,"enabled":true},"hosterURLFilter":{"matchType":"CONTAINS","regex":null,"useRegex":false,"enabled":false},"iconKey":"extract","id":"DisableParFilesPackageRule","matchAlwaysFilter":{"enabled":false},"name":"Disable Parity Archive *.par(2) Files","onlineStatusFilter":{"matchType":"IS","onlineStatus":"OFFLINE","enabled":false},"originFilter":{"matchType":"IS","origins":null,"enabled":false},"packagenameFilter":{"matchType":"CONTAINS","regex":null,"useRegex":false,"enabled":false},"pluginStatusFilter":{"matchType":"IS","pluginStatus":"PREMIUM","enabled":false},"sourceURLFilter":{"matchType":"CONTAINS","regex":null,"useRegex":false,"enabled":false},"testUrl":null,"enabled":true,"staticRule":true},{"chunks":0,"comment":null,"downloadDestination":"<jd:packagename>","filename":null,"linkEnabled":null,"moveto":null,"order":0,"packageKey":null,"packageName":null,"priority":null,"rename":null,"autoAddEnabled":null,"autoExtractionEnabled":null,"autoForcedStartEnabled":null,"autoStartEnabled":null,"conditionFilter":{"conditions":null,"matchType":"IS_TRUE","enabled":false},"created":1701105889010,"filenameFilter":{"matchType":"CONTAINS","regex":null,"useRegex":false,"enabled":false},"filesizeFilter":{"from":0,"matchType":"BETWEEN","to":0,"enabled":false},"filetypeFilter":{"customs":null,"matchType":"IS","archivesEnabled":false,"audioFilesEnabled":false,"docFilesEnabled":false,"exeFilesEnabled":false,"hashEnabled":false,"imagesEnabled":false,"subFilesEnabled":false,"useRegex":false,"videoFilesEnabled":false,"enabled":false},"hosterURLFilter":{"matchType":"CONTAINS","regex":null,"useRegex":false,"enabled":false},"iconKey":"folder","id":"SubFolderByPackageRule","matchAlwaysFilter":{"enabled":true},"name":"Create Subfolder by Packagename","onlineStatusFilter":{"matchType":"IS","onlineStatus":"OFFLINE","enabled":false},"originFilter":{"matchType":"IS","origins":null,"enabled":false},"packagenameFilter":{"matchType":"CONTAINS","regex":null,"useRegex":false,"enabled":false},"pluginStatusFilter":{"matchType":"IS","pluginStatus":"PREMIUM","enabled":false},"sourceURLFilter":{"matchType":"CONTAINS","regex":null,"useRegex":false,"enabled":false},"testUrl":null,"enabled":true,"staticRule":true},{"chunks":0,"comment":null,"downloadDestination":"<jd:subfolderbyplugin>","filename":null,"linkEnabled":null,"moveto":null,"order":0,"packageKey":null,"packageName":null,"priority":null,"rename":null,"autoAddEnabled":null,"autoExtractionEnabled":null,"autoForcedStartEnabled":null,"autoStartEnabled":null,"conditionFilter":{"conditions":null,"matchType":"IS_TRUE","enabled":false},"created":1701105889011,"filenameFilter":{"matchType":"CONTAINS","regex":null,"useRegex":false,"enabled":false},"filesizeFilter":{"from":0,"matchType":"BETWEEN","to":0,"enabled":false},"filetypeFilter":{"customs":null,"matchType":"IS","archivesEnabled":false,"audioFilesEnabled":false,"docFilesEnabled":false,"exeFilesEnabled":false,"hashEnabled":false,"imagesEnabled":false,"subFilesEnabled":false,"useRegex":false,"videoFilesEnabled":false,"enabled":false},"hosterURLFilter":{"matchType":"CONTAINS","regex":null,"useRegex":false,"enabled":false},"iconKey":"folder","id":"SubFolderByPluginRule","matchAlwaysFilter":{"enabled":true},"name":"Adopt folder structure","onlineStatusFilter":{"matchType":"IS","onlineStatus":"OFFLINE","enabled":false},"originFilter":{"matchType":"IS","origins":null,"enabled":false},"packagenameFilter":{"matchType":"CONTAINS","regex":null,"useRegex":false,"enabled":false},"pluginStatusFilter":{"matchType":"IS","pluginStatus":"PREMIUM","enabled":false},"sourceURLFilter":{"matchType":"CONTAINS","regex":null,"useRegex":false,"enabled":false},"testUrl":null,"enabled":true,"staticRule":true}]