{"overviewpaneldownloadlinksfailedcountvisible":false,"clipboarddisabledwarningflashenabled":true,"horizontalscrollbarsindownloadtableenabled":false,"overviewpaneldownloadrunningdownloadscountvisible":true,"linkpropertiespaneldownloadpasswordvisible":true,"downloadfolderchooserdialogsubfolder":"AUTO","premiumalertetacolumnenabled":true,"speedmetervisible":true,"overviewpaneldownloadpackagecountvisible":true,"datetimeformataccountmanagerexpiredatecolumn":null,"password":null,"linkpropertiespanelfilenamevisible":true,"titlepattern":"|#TITLE|| - #SPEED/s|| - #UPDATENOTIFY|","filterhighlightenabled":true,"overviewpaneltotalinfovisible":true,"linkpropertiespanelchecksumvisible":true,"downloadspropertiespanelsavetovisible":true,"packagesbackgroundhighlightenabled":true,"overviewpaneldownloadlinkcountvisible":true,"downloadspropertiespanelpackagenamevisible":true,"used3d":false,"newdialogframestate":"TO_FRONT","overviewpaneldownloadlinksfinishedcountvisible":false,"downloadviewrefresh":500,"overviewpanelsmartinfovisible":true,"presentationmodeenabled":false,"datetimeformatdownloadlistaddeddatecolumn":null,"availablecolumntextvisible":false,"newlinksactionv2":"SWITCH","bannerenabled":true,"showfullhostname":false,"taskbarflashenabled":true,"overviewpanellinkgrabberstatusonlinevisible":true,"prioritycolumnautoshowenabled":true,"clipboardmonitored":true,"linkpropertiespanelcommentvisible":true,"filecountinsizecolumnvisible":true,"donatebuttonstate":"AUTO_VISIBLE","clipboardskipmode":"ON_STARTUP","premiumexpirewarningenabled":true,"downloadstablerefreshinterval":1000,"overviewpaneldownloadpanelincludedisabledlinks":true,"datetimeformatdownloadlistmodifieddatecolumn":null,"tablewraparoundenabled":true,"specialdealoboomdialogvisibleonstartup":true,"tooltipenabled":true,"statusbaraddpremiumbuttonvisible":true,"captchadialogborderaroundimageenabled":true,"tablemouseoverhighlightenabled":true,"linkpropertiespanelsavetovisible":true,"downloadcontrolcolumnautoshowenabled":true,"overviewpanellinkgrabberlinkscountvisible":true,"clipboardmonitorprocesshtmlflavor":true,"packagedoubleclickaction":"OPEN_FOLDER","overviewpanelselectedinfovisible":true,"linkpropertiespaneldownloadfromvisible":false,"premiumalerttaskcolumnenabled":true,"sortcolumnhighlightenabled":true,"startbuttonactioninlinkgrabbercontext":"ADD_ALL_LINKS_AND_START_DOWNLOADS","downloadfolderchooserdefaultpath":"CURRENT_PATH","colorediconsfordisabledhostercolumnenabled":true,"premiumalertspeedcolumnenabled":true,"downloadspropertiespanelcommentvisible":true,"captchadialoguniquepositionbyhosterenabled":true,"overviewpaneldownloadtotalbytesvisible":true,"overviewpanellinkgrabberpackagecountvisible":true,"confirmincompletearchiveaction":"ASK","windowswindowmanagerforegroundlocktimeout":0,"bypassallrlydeletedialogsenabled":false,"datetimeformatdownloadlistfinisheddatecolumn":null,"linkgrabbertabpropertiespanelvisible":true,"downloadstabpropertiespanelvisible":true,"overviewpaneldownloadetavisible":true,"premiumdisabledwarningflashenabled":true,"captchascalefactor":100,"savedownloadviewcrosssessionenabled":false,"shortcutforcaptchadialogrefresh":"pressed F5","overviewpanellinkgrabberstatusunknownvisible":true,"downloadspropertiespanelchecksumvisible":true,"downloadspropertiespanelfilenamevisible":false,"containerexportopenexplorer":true,"speedmetertimeframe":30000,"windowstaskbarprogressdisplay":"TOTAL_PROGRESS","mainwindowalwaysontop":false,"overviewpaneldownloadconnectionsvisible":true,"helpdialogsenabled":true,"lookandfeeltheme":"JAVA_SYSTEM","linkpropertiespanelarchivepasswordvisible":true,"horizontalscrollbarsinlinkgrabbertableenabled":false,"linkdoubleclickaction":"OPEN_FILE","downloadspropertiespaneldownloadfromvisible":false,"overviewpanellinkgrabberstatusofflinevisible":true,"balloonnotificationenabled":true,"donationnotifyid":null,"primarytablesorterdesc":true,"speedmeterframespersecond":4,"linkpropertiespanelpackagenamevisible":true,"premiumstatusbardisabledaccountexpire":14,"passwordprotectionenabled":false,"specialdealsenabled":true,"overviewpaneldownloadspeedvisible":true,"premiumstatusbardisplay":"GROUP_BY_ACCOUNT_TYPE","maxsizeunit":"TiB","downloadpaneloverviewsettingsvisible":false,"captchadebugmodeenabled":false,"tooltipdelay":2000,"hatecaptchastextincaptchadialogvisible":true,"overviewpaneldownloadbytesloadedvisible":true,"speedinwindowtitle":"WHEN_WINDOW_IS_MINIMIZED","overviewpanellinkgrabbertotalbytesvisible":true,"downloadtaboverviewvisible":true,"rlywarnlevel":"NORMAL","overviewpanellinkgrabberhostercountvisible":true,"twostepctrlaselectionenabled":false,"downloadspropertiespaneldownloadpasswordvisible":true,"renameactionregexenabled":false,"dialogdefaulttimeoutinms":20000,"propertiespanelheightnormalized":false,"overviewpanellinkgrabberincludedisabledlinks":true,"macdockprogressdisplay":"TOTAL_PROGRESS","hidesinglechildpackages":false,"linkgrabbertaboverviewvisible":true,"linkgrabberbottombarposition":"SOUTH","windowswindowmanageraltkeyworkaroundenabled":true,"overviewpaneldownloadlinksskippedcountvisible":false,"customlookandfeelclass":null,"updatebuttonflashingenabled":true,"overviewpanelvisibleonlyinfovisible":true,"linkgrabbersidebarvisible":true,"filechooserview":"DETAILS","downloadspropertiespanelarchivepasswordvisible":true}