{"maxsimultanedownloadsperhost":20,"delaywritemode":"AUTO","iffileexistsaction":"OVERWRITE_FILE","downloadtempunavailableretrywaittime":1800000,"freeproxybalancemode":"DISABLED","useoriginallastmodified":false,"maxdownloadlinkhistoryentries":10,"autostartdownloadoption":"ALWAYS","copysinglerealurl":false,"proxyhostbantimeout":900000,"maxpluginretries":3,"defaultdownloadfolder":"/content/tst","windowsjnaidledetectorenabled":true,"downloadspeedlimitrememberedenabled":true,"autosortchildrenenabled":true,"createfoldertrigger":"ON_DOWNLOAD_START","autostartcountdownseconds":10,"deleteemptysubfoldersafterdeletingdownloadedfilesenabled":true,"maxdownloadsperhostenabled":false,"maxchunksperfile":1,"showfilenameincaptchadialogenabled":true,"sambaprefetchenabled":true,"forcedfreespaceondisk":128,"accounttemporarilydisableddefaulttimeout":3600000,"savelinkgrabberlistenabled":true,"waittimeonconnectionloss":300000,"automaxdownloadsspeedlimit":0,"automaxdownloadsspeedlimitmindelay":10000,"keepxoldlists":5,"filterregex":false,"downloaddestinationhistorylength":25,"movefilesifdownloaddestinationchangesenabled":true,"automaxdownloadsspeedlimitmaxdownloads":5,"cleanupafterdownloadaction":"NEVER","hashcheckenabled":true,"downloadspeedlimitenabled":false,"mirrordetectiondecision":"AUTO","downloadhashcheckfailedretrywaittime":300000,"dupemanagerenabled":true,"forcemirrordetectioncaseinsensitive":true,"autoopencontainerafterdownload":true,"preferbouncycastlefortls":false,"networkissuestimeout":15000,"flushbuffertimeout":120000,"allowunsafefilenameforfileexistscheck":false,"cleanupfileexists":true,"maxsimultanedownloads":20,"pausespeed":10240,"cleanupfilenames":true,"renamefilesifdownloadlinknamechangesenabled":true,"maxbuffersize":500,"closedwithrunningdownloads":false,"useurlorderformyjd":false,"mirrordetectionfilesizeequality":10000,"maxforceddownloads":5,"showcountdownonautostartdownloads":true,"onskipduetoalreadyexistsaction":"SKIP_FILE","flushbufferlevel":80,"downloadhostunavailableretrywaittime":3600000,"freespacecheckenabled":true,"hashretryenabled":false,"sharedmemorystateenabled":false,"forcemirrordetectionfilesizecheck":false,"downloadunknownioexceptionwaittime":600000,"convertrelativepathsjdroot":true,"useavailableaccounts":true,"deletecontainerfilesafteraddingthemaction":"DONT_DELETE","downloadspeedlimit":51200}