{"uniquedeviceidsaltv2":"e11e412fc7e304b5a854e1cb3fe58ce22c528688a5bee91b141da72e9ead92de","autoconnectenabledv2":true,"debugenabled":false,"uniquedeviceid":null,"lastupnpport":0,"lastlocalport":45201,"latesterror":"NONE","preferredipversion":"SYSTEM","manuallocalport":3129,"password":"19940206hiih","directconnectmode":"LAN","serverhost":"api.jdownloader.org","devicename":"rembo03roob@gmail.com","manualremoteport":3129,"uniquedeviceidv2":"d3ce45155d2a872082332e9b80bda53b","email":"rembo03roob@gmail.com"}