{"autohideguiiftherearenoupdatesenabled":false,"proxydialogonnoconnectionenabled":true,"selftestwritetimeout":60000,"lastsuccessfulconnection":1701105859327,"updateinterval":600000,"autohideguiifsilentupdateswereinstalledenabled":false,"doaskmebeforeinstallinganupdateenabled":false,"jardiffenabled":true,"updateguialwaysontop":true,"installupdatesonexitenabled":true,"doaskbeforedownloadinganupdate":false,"installupdatessilentlyifpossibleenabled":true,"autoupdatecheckenabled":true,"installupdatesonexitpanelvisible":true,"selftestpolltimeout":60000}