{"deletearchivefilesafterextractionaction":"NO_DELETE","flushmode":"NONE","deepextractionenabled":true,"maxcheckedfilesizeduringoptimizedpasswordfindinginbytes":1024000,"deleteinfofilesafterextraction":false,"iffileexistsaction":"OVERWRITE_FILE","askforunknownpasswordsenabled":false,"customextractionpathenabled":false,"subpath":"%PACKAGENAME%","bubblecontentarchivenamevisible":true,"deletearchivedownloadlinksafterextraction":false,"bubblecontentextracttofoldervisible":true,"lastworkinglibid":"Linux-amd64","enabled":false,"subpathenabled":false,"useoriginalfiledate":true,"freshinstall":false,"bubblecontentcircleprogressvisible":true,"passwordfindoptimizationenabled":false,"iomodeforcrchashing":"NORMAL","bubbleenabledifarchiveextractionisinprogress":true,"restorefilepermissions":true,"subpathminfolderstreshhold":0,"bubblecontentstatusvisible":true,"customextractionpath":null,"cpupriority":"HIGH","subpathminfilesorfolderstreshhold":2,"bubblecontentdurationvisible":true,"subpathminfilestreshhold":0,"askforpassworddialogtimeoutinms":600000,"bubblecontentcurrentfilevisible":true}