{"autoconfirmmanagerpriority":"DEFAULT","handleofflineonconfirmlatestselection":"INCLUDE_OFFLINE","autoconfirmmanagerhandleoffline":"GLOBAL","variantscolumnalwaysvisible":false,"defaultonaddeddupeslinksaction":"ASK","variouspackageenabled":true,"uselastdownloaddestinationasdefault":true,"quickviewselectionenabled":true,"linkgrabberautoconfirmenabled":false,"contextmenuaddlinksactionalwaysvisible":false,"splitpackagenamefactorypattern":"{PACKAGENAME}-{HOSTNAME}","linkgrabberautostartenabled":true,"autofilladdlinksdialogwithclipboardcontentenabled":true,"autoconfirmmaxdelay":-1,"variouspackagelimit":1,"addlinkspreparserautoextractionpasswordsearchenabled":true,"addlinkspreparserenabled":true,"autoconfirmmanagerclearlistafterconfirm":false,"splitpackagemergeenabled":false,"linkgrabberaddattop":false,"autoconfirmmanagerassignpriorityenabled":false,"missingparentdirectorythreshold":1,"packagenamehistorylength":25,"addlinksdialogcheck":true,"autoextractionenabled":true,"autopackagematchingcorrectionenabled":true,"archivepackagizerenabled":true,"subfolderthreshold":0,"autoconfirmmanagerautostart":"AUTO","autofilenamecorrectionenabled":true,"autoconfirmmanagerforcedownloads":false,"autoconfirmdelay":15000,"autostartconfirmsidebarfilterenabled":true,"subfoldercount":"NAMES","defaultonaddedofflinelinksaction":"ASK","handledupesonconfirmlatestselection":"INCLUDE","presetdebuglinks":null,"addlinksdialogoverwritespackagizerrulesenabled":true,"autoswitchtodownloadtableonconfirmdefaultenabled":true,"handleincompletearchiveonconfirmlatestselection":"ASK","offlinepackageenabled":true,"restorebuttonenabled":true}